{"stats":{"minecraft:picked_up":{"minecraft:stripped_oak_log":1,"minecraft:stick":2,"minecraft:crafting_table":5,"minecraft:andesite":17,"minecraft:torch":2,"minecraft:wooden_pickaxe":1,"minecraft:oak_log":23,"minecraft:diorite":25,"minecraft:redstone":13,"minecraft:lapis_lazuli":28,"minecraft:string":2,"minecraft:diamond":6,"minecraft:iron_ingot":9,"minecraft:granite":12,"minecraft:stone_pickaxe":1,"minecraft:iron_ore":53,"minecraft:oak_sapling":1,"minecraft:mutton":2,"minecraft:coal":75,"minecraft:white_wool":2,"minecraft:cobblestone":187,"minecraft:furnace":1},"minecraft:killed":{"minecraft:sheep":2,"minecraft:spider":1},"minecraft:mined":{"minecraft:diamond_ore":6,"minecraft:redstone_ore":4,"minecraft:furnace":1,"minecraft:iron_ore":46,"minecraft:andesite":17,"minecraft:crafting_table":5,"minecraft:granite":12,"minecraft:grass":7,"minecraft:coal_ore":39,"minecraft:oak_log":23,"minecraft:stripped_oak_log":1,"minecraft:lapis_ore":4,"minecraft:stone":186,"minecraft:diorite":25,"minecraft:oak_leaves":12,"minecraft:wall_torch":2},"minecraft:crafted":{"minecraft:oak_planks":96,"minecraft:iron_axe":1,"minecraft:crafting_table":1,"minecraft:stick":12,"minecraft:iron_pickaxe":1,"minecraft:iron_ingot":13,"minecraft:wooden_pickaxe":1,"minecraft:stone_pickaxe":1,"minecraft:wooden_axe":1,"minecraft:furnace":1,"minecraft:torch":4,"minecraft:air":0,"minecraft:cooked_mutton":2},"minecraft:broken":{"minecraft:stone_pickaxe":1,"minecraft:wooden_pickaxe":1},"minecraft:used":{"minecraft:cooked_mutton":2,"minecraft:wooden_axe":41,"minecraft:iron_axe":1,"minecraft:stone_pickaxe":131,"minecraft:iron_pickaxe":150,"minecraft:wooden_pickaxe":59,"minecraft:torch":2,"minecraft:crafting_table":5,"minecraft:furnace":1,"minecraft:oak_sapling":1,"minecraft:granite":2},"minecraft:custom":{"minecraft:time_since_rest":17892,"minecraft:interact_with_furnace":10,"minecraft:sprint_one_cm":21169,"minecraft:damage_taken":115,"minecraft:walk_one_cm":20362,"minecraft:mob_kills":3,"minecraft:damage_dealt":310,"minecraft:interact_with_crafting_table":10,"minecraft:fly_one_cm":58602,"minecraft:crouch_one_cm":15162,"minecraft:play_one_minute":17892,"minecraft:sneak_time":7475,"minecraft:jump":259,"minecraft:time_since_death":17892,"minecraft:fall_one_cm":5726}},"DataVersion":2586}