{"stats":{"minecraft:picked_up":{"minecraft:stripped_oak_log":1,"minecraft:crafting_table":7,"minecraft:cooked_beef":6,"minecraft:andesite":83,"minecraft:leather":4,"minecraft:wooden_pickaxe":1,"minecraft:oak_log":23,"minecraft:lapis_lazuli":109,"minecraft:string":2,"minecraft:dirt":6,"minecraft:beef":21,"minecraft:iron_ingot":9,"minecraft:stone_pickaxe":1,"minecraft:iron_ore":71,"minecraft:furnace":2,"minecraft:stick":3,"minecraft:torch":8,"minecraft:gravel":9,"minecraft:diorite":69,"minecraft:gold_ore":6,"minecraft:redstone":51,"minecraft:diamond":54,"minecraft:granite":22,"minecraft:emerald":7,"minecraft:oak_sapling":1,"minecraft:coal":167,"minecraft:mutton":2,"minecraft:white_wool":5,"minecraft:cobblestone":758},"minecraft:killed":{"minecraft:spider":1,"minecraft:sheep":3,"minecraft:silverfish":1,"minecraft:cow":8},"minecraft:mined":{"minecraft:diamond_ore":54,"minecraft:crafting_table":7,"minecraft:torch":6,"minecraft:granite":23,"minecraft:emerald_ore":7,"minecraft:grass_block":1,"minecraft:tall_grass":5,"minecraft:lapis_ore":16,"minecraft:diorite":69,"minecraft:wall_torch":2,"minecraft:redstone_ore":11,"minecraft:furnace":2,"minecraft:iron_ore":64,"minecraft:andesite":83,"minecraft:grass":13,"minecraft:oak_log":23,"minecraft:coal_ore":47,"minecraft:gravel":8,"minecraft:dirt":5,"minecraft:stripped_oak_log":1,"minecraft:stone":780,"minecraft:gold_ore":6,"minecraft:white_wool":2,"minecraft:oak_leaves":14,"minecraft:infested_stone":2},"minecraft:crafted":{"minecraft:cooked_beef":7,"minecraft:oak_planks":96,"minecraft:crafting_table":1,"minecraft:wooden_pickaxe":1,"minecraft:furnace":1,"minecraft:cooked_mutton":2,"minecraft:air":0,"minecraft:diamond_helmet":1,"minecraft:diamond_leggings":1,"minecraft:diamond_pickaxe":1,"minecraft:iron_axe":1,"minecraft:stick":12,"minecraft:iron_ingot":13,"minecraft:iron_pickaxe":1,"minecraft:stone_pickaxe":1,"minecraft:wooden_axe":1,"minecraft:diamond_boots":1,"minecraft:torch":4,"minecraft:diamond_chestplate":1},"minecraft:broken":{"minecraft:stone_pickaxe":1,"minecraft:iron_pickaxe":1,"minecraft:wooden_pickaxe":1},"minecraft:used":{"minecraft:cooked_mutton":2,"minecraft:diorite":69,"minecraft:stone_pickaxe":131,"minecraft:wooden_pickaxe":59,"minecraft:white_wool":2,"minecraft:torch":9,"minecraft:crafting_table":7,"minecraft:granite":2,"minecraft:wooden_axe":41,"minecraft:diamond_pickaxe":741,"minecraft:iron_axe":26,"minecraft:iron_pickaxe":250,"minecraft:cobblestone":44,"minecraft:oak_sapling":1,"minecraft:furnace":2,"minecraft:cooked_beef":2},"minecraft:custom":{"minecraft:interact_with_furnace":13,"minecraft:mob_kills":13,"minecraft:interact_with_crafting_table":13,"minecraft:play_one_minute":44781,"minecraft:leave_game":1,"minecraft:time_since_death":44781,"minecraft:climb_one_cm":376,"minecraft:time_since_rest":44781,"minecraft:sprint_one_cm":47732,"minecraft:damage_taken":245,"minecraft:walk_one_cm":60166,"minecraft:drop":5,"minecraft:damage_dealt":1333,"minecraft:swim_one_cm":6976,"minecraft:fly_one_cm":139982,"minecraft:crouch_one_cm":32345,"minecraft:sneak_time":13735,"minecraft:walk_under_water_one_cm":705,"minecraft:jump":765,"minecraft:walk_on_water_one_cm":1878,"minecraft:fall_one_cm":15819},"minecraft:dropped":{"minecraft:gravel":9,"minecraft:stick":2,"minecraft:dirt":6,"minecraft:wooden_axe":1}},"DataVersion":2586}