{"stats":{"minecraft:picked_up":{"minecraft:stripped_oak_log":1,"minecraft:stick":2,"minecraft:crafting_table":3,"minecraft:wooden_pickaxe":1,"minecraft:oak_log":23,"minecraft:oak_sapling":1,"minecraft:coal":1,"minecraft:mutton":2,"minecraft:white_wool":2,"minecraft:string":2,"minecraft:cobblestone":5},"minecraft:killed":{"minecraft:sheep":2,"minecraft:spider":1},"minecraft:mined":{"minecraft:grass":7,"minecraft:oak_log":23,"minecraft:stripped_oak_log":1,"minecraft:stone":4,"minecraft:oak_leaves":12,"minecraft:crafting_table":3},"minecraft:crafted":{"minecraft:oak_planks":96,"minecraft:crafting_table":1,"minecraft:wooden_pickaxe":1,"minecraft:stick":4,"minecraft:wooden_axe":1},"minecraft:used":{"minecraft:wooden_axe":40,"minecraft:crafting_table":4,"minecraft:oak_sapling":1,"minecraft:wooden_pickaxe":4},"minecraft:custom":{"minecraft:time_since_rest":5892,"minecraft:play_one_minute":5892,"minecraft:crouch_one_cm":2521,"minecraft:sprint_one_cm":20091,"minecraft:damage_taken":115,"minecraft:walk_one_cm":7523,"minecraft:sneak_time":955,"minecraft:mob_kills":3,"minecraft:jump":214,"minecraft:damage_dealt":310,"minecraft:time_since_death":5892,"minecraft:fall_one_cm":5457,"minecraft:interact_with_crafting_table":5,"minecraft:fly_one_cm":58453}},"DataVersion":2586}