{"stats":{"minecraft:picked_up":{"minecraft:stripped_oak_log":1,"minecraft:stick":2,"minecraft:crafting_table":6,"minecraft:andesite":63,"minecraft:torch":2,"minecraft:wooden_pickaxe":1,"minecraft:gravel":5,"minecraft:oak_log":23,"minecraft:diorite":46,"minecraft:dirt":4,"minecraft:redstone":22,"minecraft:lapis_lazuli":73,"minecraft:string":2,"minecraft:diamond":52,"minecraft:iron_ingot":9,"minecraft:granite":19,"minecraft:stone_pickaxe":1,"minecraft:iron_ore":59,"minecraft:emerald":6,"minecraft:oak_sapling":1,"minecraft:mutton":2,"minecraft:coal":83,"minecraft:white_wool":2,"minecraft:cobblestone":620,"minecraft:furnace":1},"minecraft:killed":{"minecraft:sheep":2,"minecraft:silverfish":1,"minecraft:spider":1},"minecraft:mined":{"minecraft:diamond_ore":52,"minecraft:redstone_ore":5,"minecraft:furnace":1,"minecraft:iron_ore":52,"minecraft:andesite":64,"minecraft:crafting_table":6,"minecraft:granite":20,"minecraft:grass":7,"minecraft:emerald_ore":6,"minecraft:coal_ore":47,"minecraft:oak_log":23,"minecraft:gravel":5,"minecraft:dirt":4,"minecraft:stripped_oak_log":1,"minecraft:lapis_ore":10,"minecraft:stone":625,"minecraft:infested_stone":2,"minecraft:diorite":46,"minecraft:oak_leaves":12,"minecraft:wall_torch":2},"minecraft:crafted":{"minecraft:oak_planks":96,"minecraft:diamond_pickaxe":1,"minecraft:iron_axe":1,"minecraft:crafting_table":1,"minecraft:stick":12,"minecraft:iron_pickaxe":1,"minecraft:iron_ingot":13,"minecraft:wooden_pickaxe":1,"minecraft:stone_pickaxe":1,"minecraft:wooden_axe":1,"minecraft:furnace":1,"minecraft:torch":4,"minecraft:air":0,"minecraft:cooked_mutton":2},"minecraft:broken":{"minecraft:stone_pickaxe":1,"minecraft:wooden_pickaxe":1,"minecraft:iron_pickaxe":1},"minecraft:used":{"minecraft:cooked_mutton":2,"minecraft:wooden_axe":41,"minecraft:diorite":1,"minecraft:diamond_pickaxe":500,"minecraft:iron_axe":3,"minecraft:stone_pickaxe":131,"minecraft:iron_pickaxe":250,"minecraft:wooden_pickaxe":59,"minecraft:torch":2,"minecraft:cobblestone":3,"minecraft:crafting_table":6,"minecraft:furnace":1,"minecraft:oak_sapling":1,"minecraft:granite":2},"minecraft:custom":{"minecraft:time_since_rest":29892,"minecraft:interact_with_furnace":10,"minecraft:sprint_one_cm":21169,"minecraft:damage_taken":125,"minecraft:walk_one_cm":43757,"minecraft:mob_kills":4,"minecraft:damage_dealt":390,"minecraft:interact_with_crafting_table":11,"minecraft:fly_one_cm":58602,"minecraft:crouch_one_cm":30026,"minecraft:play_one_minute":29892,"minecraft:sneak_time":12614,"minecraft:jump":319,"minecraft:time_since_death":29892,"minecraft:fall_one_cm":5726}},"DataVersion":2586}